{"name":"IMX363","type":"sensor","pixel":{"name":"aps","type":"pixel","width":0.0000014,"height":0.0000014,"widthGap":0,"heightGap":0,"pdWidth":0.0000014,"pdHeight":0.0000014,"pdXpos":0,"pdYpos":0,"conversionGain":0.000076511875,"voltageSwing":0.45907125,"darkVoltage":0,"readNoise":0.000382559375,"n":[1,2,1.46,3.5],"layerThickness":[0.000002,0.000005],"spectrum":{"wave":[390,400,410,420,430,440,450,460,470,480,490,500,510,520,530,540,550,560,570,580,590,600,610,620,630,640,650,660,670,680,690,700,710]},"spectralQE":[0,1,1,1,1,1,1,1,1,1,1,1,1,1,1,1,1,1,1,1,1,1,1,1,1,1,1,1,1,1,1,1,0]},"rows":4670,"cols":6226,"spectrum":{"wave":[390,400,410,420,430,440,450,460,470,480,490,500,510,520,530,540,550,560,570,580,590,600,610,620,630,640,650,660,670,680,690,700,710]},"data":[],"sigmaGainFPN":0.7,"gainFPNimage":[],"sigmaOffsetFPN":0,"offsetFPNimage":[],"analogGain":0.2037037037037037,"analogOffset":0.005850370370370369,"quantization":{"bits":10,"method":"linear"},"cfa":{"pattern":[[1,2],[2,3]]},"color":{"filterSpectra":[[0.1051557944887973,0.03612433572498647,0.186208193398958],[0.08402265001287663,0.0244504415359144,0.2686741241043845],[0.06542379645148243,0.01895444753269045,0.3409576399909321],[0.05152678437265226,0.01606761033981414,0.3967844956413453],[0.03929896157370969,0.0149209485779336,0.43393828467467],[0.02974905386392687,0.01589531758595557,0.4688042873530257],[0.02353798328108689,0.01840258299199142,0.502274070897656],[0.0211625906956895,0.03139966884718082,0.5101981385087737],[0.02119388960022784,0.05321453776402649,0.4986354209602321],[0.02122518850476618,0.07744951426258419,0.4633701067865675],[0.02125648740930452,0.1000082004148488,0.384676312125852],[0.02309586770972317,0.1660291305792679,0.3072015970515969],[0.0299942862878682,0.2923977097808221,0.2218432575887095],[0.04475738808019785,0.4415618233513045,0.1488218566162053],[0.05886925286238521,0.5662027157208578,0.1122558514393287],[0.05458541752365288,0.6169617769679998,0.08366958912343991],[0.04746005130390027,0.6065628276989548,0.06568999432704593],[0.04666604278074885,0.5708361692869987,0.05118316665780116],[0.07335200987378922,0.5208433505850583,0.04152506348400221],[0.2155439739076427,0.4539556271718417,0.04047369780114012],[0.481965569487985,0.3820880925822652,0.04108994437684695],[0.5717365937859613,0.2877065998183217,0.03704415464490064],[0.5577101785221588,0.2025259695339253,0.03039822852474756],[0.529496425419241,0.1203782113859299,0.02611041472747977],[0.5067441140518906,0.08234055732659128,0.02408538628606905],[0.4779095384556116,0.06634618108678964,0.02586353774831759],[0.4415422663650503,0.05620304552558419,0.02805096785343951],[0.4157369460790201,0.04977750411008959,0.03194627328388556],[0.4000942872302795,0.05147377920530789,0.03548312577833139],[0.3728284568189976,0.05936267506084743,0.0374009339975095],[0.3447304665697862,0.07217191036086824,0.03941008591465481],[0.3269403218764667,0.08611197737614662,0.04149946820899008],[0.3140235681652651,0.09900072678772645,0.04166337316830283]],"filterNames":["r","g","b"],"irFilter":[0.003674607197,0.01635622571,0.1688101875,0.8720645379,0.9239842034,0.9409951005,0.9497486907,0.9619657037,0.9659676466,0.9825667342,0.982260517,0.9817853523,0.9994509208,0.9921861801,0.9884270992,0.9868009799,0.9667173509,0.9466653996,0.9255997635,0.8867629667,0.8367334009,0.7858907755,0.7281952188,0.6606056766,0.5934701808,0.5288583376,0.4637607704,0.4043229431,0.3300494171,0.1793271668,0.05659739821,0.01609224531,0.005416877851]},"integrationTime":0.006274935349822044,"AE":0,"CDS":0,"chartP":[],"noiseFlag":2,"metadata":{"sensorBaselineFileName":"imx363-Baseline.json"}}